#timestamp [ns],filename
199825000,0.jpg
249781000,1.jpg
283085000,2.jpg
316393000,3.jpg
349693000,4.jpg
382996000,5.jpg
432953000,6.jpg
466259000,7.jpg
499561000,8.jpg
532865000,9.jpg
582820000,10.jpg
616126000,11.jpg
649428000,12.jpg
682734000,13.jpg
732689000,14.jpg
765992000,15.jpg
799296000,16.jpg
832600000,17.jpg
882556000,18.jpg
915861000,19.jpg
949165000,20.jpg
982468000,21.jpg
1015772000,22.jpg
1065729000,23.jpg
1099033000,24.jpg
1132334000,25.jpg
1165640000,26.jpg
1215597000,27.jpg
1248901000,28.jpg
1282206000,29.jpg
1315512000,30.jpg
1348813000,31.jpg
1398770000,32.jpg
1432072000,33.jpg
1465378000,34.jpg
1498680000,35.jpg
1548640000,36.jpg
1581941000,37.jpg
1615244000,38.jpg
1648549000,39.jpg
1698504000,40.jpg
1731809000,41.jpg
1765112000,42.jpg
1798416000,43.jpg
1831720000,44.jpg
1881676000,45.jpg
1914980000,46.jpg
1948284000,47.jpg
1981588000,48.jpg
2014892000,49.jpg
2048196000,50.jpg
2081500000,51.jpg
2114804000,52.jpg
2148109000,53.jpg
2181413000,54.jpg
2214717000,55.jpg
2248020000,56.jpg
2297976000,57.jpg
2331281000,58.jpg
2364584000,59.jpg
2397888000,60.jpg
2431192000,61.jpg
2464496000,62.jpg
2497801000,63.jpg
2531107000,64.jpg
2564411000,65.jpg
2597712000,66.jpg
2631015000,67.jpg
2680972000,68.jpg
2714276000,69.jpg
2747580000,70.jpg
2780884000,71.jpg
2814188000,72.jpg
2847492000,73.jpg
2880796000,74.jpg
2914101000,75.jpg
2947404000,76.jpg
2980708000,77.jpg
3014012000,78.jpg
3047316000,79.jpg
3097272000,80.jpg
3130577000,81.jpg
3163880000,82.jpg
3197184000,83.jpg
3230489000,84.jpg
3263797000,85.jpg
3297096000,86.jpg
3330399000,87.jpg
3363703000,88.jpg
3397008000,89.jpg
3430312000,90.jpg
3463628000,91.jpg
3496919000,92.jpg
3546876000,93.jpg
3580183000,94.jpg
3613486000,95.jpg
3646789000,96.jpg
3680092000,97.jpg
3713396000,98.jpg
3746700000,99.jpg
3780003000,100.jpg
3813308000,101.jpg
3846612000,102.jpg
3879918000,103.jpg
3929874000,104.jpg
3963176000,105.jpg
3996480000,106.jpg
4029784000,107.jpg
4063088000,108.jpg
4096393000,109.jpg
4129696000,110.jpg
4163000000,111.jpg
4196304000,112.jpg
4229607000,113.jpg
4262912999,114.jpg
4296216000,115.jpg
4329520000,116.jpg
4379475000,117.jpg
4412780000,118.jpg
4446084000,119.jpg
4479387000,120.jpg
4512692000,121.jpg
4545998000,122.jpg
4579300000,123.jpg
4612603000,124.jpg
4645907000,125.jpg
4679211000,126.jpg
4729167000,127.jpg
4762472000,128.jpg
4795776000,129.jpg
4829079000,130.jpg
4862383000,131.jpg
4895690000,132.jpg
4928992000,133.jpg
4962296000,134.jpg
4995599000,135.jpg
5028903000,136.jpg
5062209000,137.jpg
5095513000,138.jpg
5145467000,139.jpg
5178774000,140.jpg
5212076000,141.jpg
5245380000,142.jpg
5278683000,143.jpg
5311988000,144.jpg
5345292000,145.jpg
5378595000,146.jpg
5411899000,147.jpg
5445206000,148.jpg
5478508000,149.jpg
5511812000,150.jpg
5545115000,151.jpg
5595071000,152.jpg
5628390000,153.jpg
5661679000,154.jpg
5694983000,155.jpg
5728288000,156.jpg
5761591000,157.jpg
5794895000,158.jpg
5828199000,159.jpg
5861503000,160.jpg
5894809000,161.jpg
5928111000,162.jpg
5978067000,163.jpg
6011372000,164.jpg
6044675000,165.jpg
6077980000,166.jpg
6111283000,167.jpg
6144591000,168.jpg
6177895000,169.jpg
6227848000,170.jpg
6261151000,171.jpg
6294455000,172.jpg
6327759000,173.jpg
6377718000,174.jpg
6411020000,175.jpg
6444323000,176.jpg
6494280000,177.jpg
6527585000,178.jpg
6560887000,179.jpg
6594192000,180.jpg
6644147000,181.jpg
6677452000,182.jpg
6710755000,183.jpg
6760719000,184.jpg
6794017000,185.jpg
6827319000,186.jpg
6877275000,187.jpg
6910579000,188.jpg
6943883000,189.jpg
6993839000,190.jpg
7027145000,191.jpg
7060449000,192.jpg
7093755000,193.jpg
7143719000,194.jpg
7177011000,195.jpg
7210316000,196.jpg
7260276000,197.jpg
7293575000,198.jpg
7326884000,199.jpg
7376835000,200.jpg
7410139000,201.jpg
7443445000,202.jpg
7493400000,203.jpg
7526703000,204.jpg
7560009000,205.jpg
7593315000,206.jpg
7643267000,207.jpg
7676573000,208.jpg
7726528000,209.jpg
7759833000,210.jpg
7793135000,211.jpg
7826439000,212.jpg
7876395000,213.jpg
7909699000,214.jpg
7943005000,215.jpg
7992962000,216.jpg
8026266000,217.jpg
8059567000,218.jpg
8109523000,219.jpg
8142828000,220.jpg
8176131000,221.jpg
8226088000,222.jpg
8259394000,223.jpg
8292696000,224.jpg
8342653000,225.jpg
8375956000,226.jpg
8409259000,227.jpg
8442563000,228.jpg
8492519000,229.jpg
8525823000,230.jpg
8559127000,231.jpg
8609084000,232.jpg
8642392000,233.jpg
8675691000,234.jpg
8725648000,235.jpg
8758950000,236.jpg
8792254000,237.jpg
8842210000,238.jpg
8875515000,239.jpg
8908818000,240.jpg
8958775000,241.jpg
8992079000,242.jpg
9025383000,243.jpg
9075339000,244.jpg
9108644000,245.jpg
9141950000,246.jpg
9175250000,247.jpg
9225209000,248.jpg
9258511000,249.jpg
9291817000,250.jpg
9341772000,251.jpg
9375075000,252.jpg
9408387000,253.jpg
9458335000,254.jpg
9491642000,255.jpg
9524942000,256.jpg
9574899000,257.jpg
9608203000,258.jpg
9658159000,259.jpg
9708118000,260.jpg
9741418000,261.jpg
9791376000,262.jpg
9841332000,263.jpg
9874635000,264.jpg
9924594000,265.jpg
9957894000,266.jpg
10007853000,267.jpg
10057807000,268.jpg
10091110000,269.jpg
10141073000,270.jpg
10174370000,271.jpg
10224327000,272.jpg
10274286000,273.jpg
10307590000,274.jpg
10357543000,275.jpg
10390848000,276.jpg
10440803000,277.jpg
10490765000,278.jpg
10524066000,279.jpg
10574019000,280.jpg
10607322000,281.jpg
10657279000,282.jpg
10707235000,283.jpg
10740538000,284.jpg
10790494000,285.jpg
10823798000,286.jpg
10873754000,287.jpg
10923713000,288.jpg
10957014000,289.jpg
11006972000,290.jpg
11040275000,291.jpg
11090232000,292.jpg
11140186000,293.jpg
11173493000,294.jpg
11223446000,295.jpg
11256750000,296.jpg
11306706000,297.jpg
11340018000,298.jpg
11389967000,299.jpg
11423270000,300.jpg
11473227000,301.jpg
11506530000,302.jpg
11556488000,303.jpg
11589792000,304.jpg
11639748000,305.jpg
11673050000,306.jpg
11723007000,307.jpg
11756313000,308.jpg
11806267000,309.jpg
11839570000,310.jpg
11889526000,311.jpg
11922830000,312.jpg
11972789000,313.jpg
12006093000,314.jpg
12056046000,315.jpg
12089352000,316.jpg
12139306000,317.jpg
12172611000,318.jpg
12205914000,319.jpg
12255870000,320.jpg
12289174000,321.jpg
12339131000,322.jpg
12372434000,323.jpg
12422391000,324.jpg
12455695000,325.jpg
12505651000,326.jpg
12538954000,327.jpg
12588910000,328.jpg
12622216000,329.jpg
12672170000,330.jpg
12705474000,331.jpg
12755432000,332.jpg
12788734000,333.jpg
12838690000,334.jpg
12871993000,335.jpg
12921950000,336.jpg
12955254000,337.jpg
13005210000,338.jpg
13038514000,339.jpg
13088470000,340.jpg
13121782000,341.jpg
13171740000,342.jpg
13205034000,343.jpg
13254994000,344.jpg
13288294000,345.jpg
13338250000,346.jpg
13371554000,347.jpg
13421512000,348.jpg
13454814000,349.jpg
13504770000,350.jpg
13538077000,351.jpg
13588034000,352.jpg
13621333000,353.jpg
13671291000,354.jpg
13704594000,355.jpg
13754550000,356.jpg
13787854000,357.jpg
13837810000,358.jpg
13871114000,359.jpg
13921070000,360.jpg
13954373000,361.jpg
14004330000,362.jpg
14037634000,363.jpg
14087593000,364.jpg
14120896000,365.jpg
14170850000,366.jpg
14204154000,367.jpg
14254114000,368.jpg
14288023000,369.jpg
14337370000,370.jpg
14370674000,371.jpg
14403980000,372.jpg
14437281000,373.jpg
14487238000,374.jpg
14520544000,375.jpg
14553847000,376.jpg
14587150000,377.jpg
14620464000,378.jpg
14670409000,379.jpg
14703714000,380.jpg
14737025000,381.jpg
14770322000,382.jpg
14820277000,383.jpg
14853582000,384.jpg
14903538000,385.jpg
14936842000,386.jpg
14986800000,387.jpg
15020101000,388.jpg
15070058000,389.jpg
15103361000,390.jpg
15153318000,391.jpg
15186621000,392.jpg
15236579000,393.jpg
15269881000,394.jpg
15319837000,395.jpg
15353142000,396.jpg
15403099000,397.jpg
15436402000,398.jpg
15486359000,399.jpg
15519661000,400.jpg
15569618000,401.jpg
15602922000,402.jpg
15636225000,403.jpg
15686182000,404.jpg
15719490000,405.jpg
15769443000,406.jpg
15802745000,407.jpg
15852702000,408.jpg
15886005000,409.jpg
15935961000,410.jpg
15969267000,411.jpg
16002570000,412.jpg
16052527000,413.jpg
16085838000,414.jpg
16119134000,415.jpg
16169089000,416.jpg
16202394000,417.jpg
16252349000,418.jpg
16285653000,419.jpg
16335609000,420.jpg
16368914000,421.jpg
16418868999,422.jpg
16452174000,423.jpg
16502131000,424.jpg
16535434000,425.jpg
16568738000,426.jpg
16602042000,427.jpg
16635345000,428.jpg
16685305000,429.jpg
16718605000,430.jpg
16751910000,431.jpg
16785215000,432.jpg
16818520000,433.jpg
16868473000,434.jpg
16901776999,435.jpg
16935081999,436.jpg
16968391000,437.jpg
17001688999,438.jpg
17051648000,439.jpg
17084949000,440.jpg
17118253000,441.jpg
17151557000,442.jpg
17184860000,443.jpg
17234818000,444.jpg
17268122000,445.jpg
17301430000,446.jpg
17334729000,447.jpg
17384686000,448.jpg
17417989000,449.jpg
17451297000,450.jpg
17484598000,451.jpg
17517900000,452.jpg
17551205000,453.jpg
17601161000,454.jpg
17634465000,455.jpg
17667769000,456.jpg
17701073000,457.jpg
17751030000,458.jpg
17784334000,459.jpg
17817637000,460.jpg
17850941000,461.jpg
17884247000,462.jpg
17917551000,463.jpg
17967505000,464.jpg
18000809000,465.jpg
18034114000,466.jpg
18067417000,467.jpg
18100722000,468.jpg
18150679000,469.jpg
18183984000,470.jpg
18217285000,471.jpg
18250589000,472.jpg
18283893000,473.jpg
18333850000,474.jpg
18367153000,475.jpg
18400457000,476.jpg
18433764000,477.jpg
18467066000,478.jpg
18517022000,479.jpg
18550326000,480.jpg
18583630000,481.jpg
18616934000,482.jpg
18650237000,483.jpg
18700194000,484.jpg
18733497000,485.jpg
18766801000,486.jpg
18800106000,487.jpg
18850061000,488.jpg
18883365000,489.jpg
18916671000,490.jpg
18949973000,491.jpg
18983277000,492.jpg
19016581000,493.jpg
19066538000,494.jpg
19099842000,495.jpg
19133148000,496.jpg
19183101000,497.jpg
19216405000,498.jpg
19249709000,499.jpg
19283012000,500.jpg
19316317000,501.jpg
19349623000,502.jpg
19399577000,503.jpg
19432881000,504.jpg
19466185000,505.jpg
19499489000,506.jpg
19532794000,507.jpg
19582749000,508.jpg
19616053000,509.jpg
19649357000,510.jpg
19699314000,511.jpg
19732617000,512.jpg
19765921000,513.jpg
19815878000,514.jpg
19849181000,515.jpg
19882488000,516.jpg
19915793000,517.jpg
19949094000,518.jpg
19999048000,519.jpg
20032353000,520.jpg
20065657000,521.jpg
20098961000,522.jpg
20132265000,523.jpg
20165568000,524.jpg
20215525000,525.jpg
20248829000,526.jpg
20282134000,527.jpg
20315439000,528.jpg
20348743000,529.jpg
20398696000,530.jpg
20432002000,531.jpg
20481957000,532.jpg
20515261000,533.jpg
20548566000,534.jpg
20581869000,535.jpg
20615172000,536.jpg
20665129000,537.jpg
20698433000,538.jpg
20731737000,539.jpg
20765041000,540.jpg
20798346000,541.jpg
20848300000,542.jpg
20881605000,543.jpg
20914909000,544.jpg
20948215000,545.jpg
20981517000,546.jpg
21031473000,547.jpg
21064779000,548.jpg
21098081000,549.jpg
21148037000,550.jpg
21181341000,551.jpg
21231297000,552.jpg
21264601000,553.jpg
21297904000,554.jpg
21331209000,555.jpg
21364514000,556.jpg
21414472000,557.jpg
21447773000,558.jpg
21481076000,559.jpg
21514382000,560.jpg
21547686000,561.jpg
21580988000,562.jpg
